{
  "pattrstorage": {
    "name": "DNA_Synth[1]",
    "slots": {
      "1": {
        "id": 1,
        "data": {
          "noise_bank_gains": [
            1,
            2,
            3,
            4,
            5,
            6,
            7,
            8
          ],
          "noise_bank_output": [
            0.0
          ],
          "osc_bank_gains": [
            1,
            2,
            3,
            4
          ],
          "osc_freq[1]": [
            1
          ],
          "osc_freq[2]": [
            2
          ],
          "osc_freq[3]": [
            3
          ],
          "osc_freq[4]": [
            4
          ],
          "output_gain": [
            0.0
          ],
          "partials_gain": [
            0.0
          ],
          "attack_[1]": [
            1
          ],
          "attack_[2]": [
            5
          ],
          "decay_[1]": [
            2
          ],
          "decay_[2]": [
            6
          ],
          "sustain_[1]": [
            3
          ],
          "release_[1]": [
            4
          ],
          "release_[2]": [
            8
          ],
          "sustain_[2]": [
            7
          ],
          "release_[3]": [
            99.99999999999993
          ],
          "sustain_[3]": [
            1.0
          ],
          "decay_[3]": [
            99.99999999999993
          ],
          "attack_[3]": [
            99.99999999999993
          ],
          "release_[4]": [
            99.99999999999993
          ],
          "sustain_[4]": [
            1.0
          ],
          "decay_[4]": [
            99.99999999999993
          ],
          "attack_[4]": [
            99.99999999999993
          ],
          "release_[5]": [
            99.99999999999993
          ],
          "sustain_[5]": [
            1.0
          ],
          "decay_[5]": [
            99.99999999999993
          ],
          "attack_[5]": [
            99.99999999999993
          ],
          "release_[6]": [
            99.99999999999993
          ],
          "sustain_[6]": [
            1.0
          ],
          "decay_[6]": [
            99.99999999999993
          ],
          "attack_[6]": [
            99.99999999999993
          ],
          "release_[7]": [
            99.99999999999993
          ],
          "sustain_[7]": [
            1.0
          ],
          "decay_[7]": [
            99.99999999999993
          ],
          "attack_[7]": [
            99.99999999999993
          ],
          "release_[8]": [
            99.99999999999993
          ],
          "sustain_[8]": [
            1.0
          ],
          "decay_[8]": [
            99.99999999999993
          ],
          "attack_[8]": [
            99.99999999999993
          ],
          "release_[9]": [
            99.99999999999993
          ],
          "sustain_[9]": [
            1.0
          ],
          "decay_[9]": [
            99.99999999999993
          ],
          "attack_[9]": [
            99.99999999999993
          ],
          "release_[10]": [
            99.99999999999993
          ],
          "sustain_[10]": [
            1.0
          ],
          "decay_[10]": [
            99.99999999999993
          ],
          "attack_[10]": [
            99.99999999999993
          ],
          "release_[11]": [
            99.99999999999993
          ],
          "sustain_[11]": [
            1.0
          ],
          "decay_[11]": [
            99.99999999999993
          ],
          "attack_[11]": [
            99.99999999999993
          ],
          "release_[12]": [
            99.99999999999993
          ],
          "sustain_[12]": [
            1.0
          ],
          "decay_[12]": [
            99.99999999999993
          ],
          "attack_[12]": [
            99.99999999999993
          ]
        }
      },
      "2": {
        "id": 2,
        "data": {
          "noise_bank_gains": [
            -12.189473684210526,
            -0.063157894736847,
            -4.10526315789474,
            -7.136842105263156,
            -9.15789473684211,
            -19.263157894736835,
            -29.368421052631582,
            -32.4
          ],
          "noise_bank_output": [
            0.0
          ],
          "osc_bank_gains": [
            -26.415584415584412,
            -28.909090909090907,
            -18.93506493506493,
            -29.06382978723404
          ],
          "osc_freq[1]": [
            554.3652618502728
          ],
          "osc_freq[2]": [
            1.411155677405136
          ],
          "osc_freq[3]": [
            39.25273334896523
          ],
          "osc_freq[4]": [
            20.071514377409304
          ],
          "output_gain": [
            0.0
          ],
          "partials_gain": [
            0.0
          ],
          "attack_[1]": [
            39.03329307531597
          ],
          "attack_[2]": [
            99.99999999999993
          ],
          "decay_[1]": [
            10000.0
          ],
          "decay_[2]": [
            99.99999999999993
          ],
          "sustain_[1]": [
            1.0
          ],
          "release_[1]": [
            99.99999999999993
          ],
          "release_[2]": [
            99.99999999999993
          ],
          "sustain_[2]": [
            1.0
          ],
          "release_[3]": [
            99.99999999999993
          ],
          "sustain_[3]": [
            1.0
          ],
          "decay_[3]": [
            99.99999999999993
          ],
          "attack_[3]": [
            99.99999999999993
          ],
          "release_[4]": [
            99.99999999999993
          ],
          "sustain_[4]": [
            1.0
          ],
          "decay_[4]": [
            99.99999999999993
          ],
          "attack_[4]": [
            99.99999999999993
          ],
          "release_[5]": [
            99.99999999999993
          ],
          "sustain_[5]": [
            1.0
          ],
          "decay_[5]": [
            99.99999999999993
          ],
          "attack_[5]": [
            99.99999999999993
          ],
          "release_[6]": [
            99.99999999999993
          ],
          "sustain_[6]": [
            1.0
          ],
          "decay_[6]": [
            99.99999999999993
          ],
          "attack_[6]": [
            99.99999999999993
          ],
          "release_[7]": [
            99.99999999999993
          ],
          "sustain_[7]": [
            1.0
          ],
          "decay_[7]": [
            99.99999999999993
          ],
          "attack_[7]": [
            99.99999999999993
          ],
          "release_[8]": [
            99.99999999999993
          ],
          "sustain_[8]": [
            1.0
          ],
          "decay_[8]": [
            99.99999999999993
          ],
          "attack_[8]": [
            99.99999999999993
          ],
          "release_[9]": [
            99.99999999999993
          ],
          "sustain_[9]": [
            1.0
          ],
          "decay_[9]": [
            99.99999999999993
          ],
          "attack_[9]": [
            99.99999999999993
          ],
          "release_[10]": [
            99.99999999999993
          ],
          "sustain_[10]": [
            1.0
          ],
          "decay_[10]": [
            99.99999999999993
          ],
          "attack_[10]": [
            99.99999999999993
          ],
          "release_[11]": [
            99.99999999999993
          ],
          "sustain_[11]": [
            1.0
          ],
          "decay_[11]": [
            99.99999999999993
          ],
          "attack_[11]": [
            99.99999999999993
          ],
          "release_[12]": [
            99.99999999999993
          ],
          "sustain_[12]": [
            1.0
          ],
          "decay_[12]": [
            99.99999999999993
          ],
          "attack_[12]": [
            99.99999999999993
          ]
        }
      },